"Proyecciones Distritales de Poblacion de Costa Rica 2000-2050"
"Registro: año igual a 2021&eda5 y  mayor o igual que 49 y  por sexo igual a 2  femenino según edad en grupos quinquenales"

"","0: Not Femenino","1: Femenino","Total"
"15: 15-19 años",192375,182344,374719
"20: 20-24 años",211809,203657,415466
"25: 25-29 años",227595,213707,441302
"30: 30-34 años",231297,217744,449041
"35: 35-39 años",218890,208763,427653
"40: 40-44 años",183399,181525,364924
"45: 45-49 años",151856,153602,305458
"Total",1417221,1361342,2778563
