"Censos Nacionales de Población y Vivienda de Costa Rica 2011"
"Vivienda: distrito igual a 10303  san juan de dios por p02 sexo según p03 edad dividido entre "

"","1: Hombre","2: Mujer","Total"
"0: P03_EDAD:0..9",1552,1638,3190
"1: P03_EDAD:10..19",1841,1849,3690
"2: P03_EDAD:20..29",1768,1944,3712
"3: P03_EDAD:30..39",1409,1510,2919
"4: P03_EDAD:40..49",1232,1394,2626
"5: P03_EDAD:50..59",762,951,1713
"6: P03_EDAD:60..69",430,489,919
"7: P03_EDAD:70..79",200,265,465
"8: P03_EDAD:80..89",92,123,215
"9: P03_EDAD:90..99",10,21,31
"10: P03_EDAD:100..109",0,1,1
"Total",9296,10185,19481
