"Censos Nacionales de Población y Vivienda de Costa Rica 2011"
"Persona: p03 edad mayor o igual que 15&p03_edad y  menor o igual que  por p02 sexo igual a 2  mujer según p03 edad dividido entre "

"","0: Not Mujer","1: Mujer","Total"
"3: P03_EDAD:15..19","17,51","16,77","17,13"
"4: P03_EDAD:20..24","17,62","17,09","17,35"
"5: P03_EDAD:25..29","15,95","16,04",16
"6: P03_EDAD:30..34","13,93","14,21","14,07"
"7: P03_EDAD:35..39","12,03","12,32","12,18"
"8: P03_EDAD:40..44","11,82","12,09","11,96"
"9: P03_EDAD:45..49","11,14","11,48","11,32"
"Total",100,100,100
