"Costa Rica: Censo de Población y Vivienda 1973"
"Persona: edad en años cumplidos mayor o igual que 65 por estado civil actual según edad en años cumplidos dividido entre "

"","1: Soltero","2: Casado","3: Viudo","4: Divorcia","5: UnionLib","6: Separado","Total"
"13: edad:65..69",3363,13541,4433,230,1562,887,24016
"14: edad:70..74",2986,9502,5230,143,1126,649,19636
"15: edad:75..79",1671,4501,3586,72,421,301,10552
"16: edad:80..84",1058,2354,2858,30,231,164,6695
"17: edad:85..89",528,983,1605,11,108,74,3309
"18: edad:90..94",196,297,676,7,35,18,1229
"19: edad:95..99",96,116,328,4,15,7,566
"Total",9898,31294,18716,497,3498,2100,66003
