"Costa Rica: Censo de Población y Vivienda 1973"
"Persona: edad en años cumplidos mayor o igual que 15&edad y  menor o igual que  por sexo de la persona igual a 2  femenino según edad en años cumplidos dividido entre "

"","0: Not Femenino","1: Femenino","Total"
"3: edad:15..19","26,45","26,04","26,24"
"4: edad:20..24","19,54","19,86","19,7"
"5: edad:25..29","14,42","14,76","14,59"
"6: edad:30..34","11,96","11,79","11,87"
"7: edad:35..39","10,53","10,88","10,71"
"8: edad:40..44","9,48","9,26","9,37"
"9: edad:45..49","7,62","7,42","7,52"
"Total",100,100,100
